order_id,order_date,order_priority,returned
86838,2015-05-12,Medium,No
87407,2015-05-09,High,No
87408,2015-06-12,High,No
44231,2015-05-03,Not Specified,No
87306,2015-05-03,Not Specified,No
86693,2015-01-27,Not Specified,No
86694,2015-05-25,Not Specified,No
91088,2015-03-12,Not Specified,No
91090,2015-04-23,Medium,No
88361,2015-05-22,High,No
89092,2015-02-12,High,No
89093,2015-04-09,Not Specified,Yes
88921,2015-04-02,Critical,No
51072,2015-04-02,Critical,No
88971,2015-04-27,Not Specified,Yes
88972,2015-01-16,High,No
90237,2015-02-20,Medium,No
90236,2015-02-05,Critical,No
90238,2015-03-27,High,No
90239,2015-04-28,Low,Yes
87214,2015-05-28,Critical,No
90593,2015-05-18,Not Specified,No
90594,2015-05-15,Medium,No
89761,2015-06-17,Low,No
89762,2015-01-16,Critical,No
89166,2015-03-20,Medium,Yes
90973,2015-06-09,Not Specified,No
24193,2015-03-14,Not Specified,No
89579,2015-04-17,Medium,No
88929,2015-05-01,Not Specified,No
90339,2015-06-12,High,No
90337,2015-01-03,Critical,Yes
90338,2015-02-06,Low,Yes
86383,2015-03-05,Medium,No
89639,2015-05-02,Low,No
88085,2015-05-25,Critical,No
88083,2015-04-11,Not Specified,No
88084,2015-06-23,High,No
90449,2015-06-25,Not Specified,Yes
90353,2015-01-27,Critical,No
90354,2015-04-23,Not Specified,Yes
90867,2015-06-05,Low,No
91174,2015-05-14,Medium,No
91175,2015-05-23,Medium,No
90909,2015-01-30,High,No
90910,2015-06-12,Medium,No
86555,2015-03-13,Critical,No
86556,2015-02-26,High,Yes
86307,2015-01-17,Critical,No
86309,2015-03-15,Critical,No
86311,2015-06-19,Critical,No
86308,2015-02-15,Critical,No
86310,2015-06-10,Not Specified,Yes
88196,2015-01-07,Critical,No
89284,2015-04-05,High,Yes
90735,2015-06-17,Low,No
91365,2015-06-21,Not Specified,No
91366,2015-05-29,Medium,No
22147,2015-01-16,Low,No
48257,2015-04-22,Low,No
88475,2015-03-20,Medium,No
88173,2015-02-05,Low,Yes
88174,2015-01-02,Critical,No
87765,2015-04-07,Medium,Yes
88503,2015-05-16,Critical,No
88504,2015-03-06,Low,No
88502,2015-02-04,Medium,No
89847,2015-03-27,Medium,No
89848,2015-04-07,Low,Yes
89849,2015-02-07,Critical,Yes
91053,2015-06-24,Not Specified,No
91054,2015-04-11,Medium,No
86639,2015-05-29,Low,No
86279,2015-01-30,Critical,Yes
88753,2015-06-21,Not Specified,No
86867,2015-03-11,Not Specified,No
86869,2015-06-19,Not Specified,No
89258,2015-05-21,Critical,Yes
89259,2015-05-25,Medium,No
90674,2015-05-27,Critical,No
90675,2015-02-26,Low,Yes
91194,2015-02-25,Not Specified,No
91195,2015-03-06,Critical,No
89537,2015-05-24,Critical,No
89536,2015-01-05,Critical,No
90166,2015-01-10,Critical,No
90167,2015-06-20,Critical,No
86356,2015-01-04,High,No
86357,2015-01-04,Low,No
89083,2015-01-02,Critical,Yes
89084,2015-03-22,Low,No
90771,2015-02-12,Low,No
91581,2015-03-22,Not Specified,No
17636,2015-02-04,Low,Yes
90043,2015-03-04,Low,Yes
90044,2015-02-27,High,No
88632,2015-03-07,Critical,No
88634,2015-02-06,Critical,No
88899,2015-02-18,Critical,No
87109,2015-03-16,Low,No
87110,2015-05-14,Medium,Yes
86422,2015-03-09,High,Yes
88461,2015-05-08,Not Specified,No
88460,2015-03-31,Not Specified,No
90977,2015-04-10,Not Specified,No
20261,2015-05-20,Medium,No
646,2015-05-21,High,No
45824,2015-06-06,Not Specified,No
86411,2015-05-21,High,Yes
86409,2015-05-20,Medium,No
86410,2015-06-29,Medium,No
87221,2015-02-24,Medium,No
87222,2015-06-22,Low,No
88103,2015-05-21,Medium,No
88101,2015-02-10,Medium,Yes
88102,2015-02-16,Low,No
88104,2015-06-13,Low,No
88105,2015-01-26,Low,No
87940,2015-01-02,High,Yes
86574,2015-02-16,Medium,Yes
86573,2015-01-04,Medium,No
86575,2015-06-06,Medium,No
88598,2015-02-01,Low,No
88600,2015-01-15,High,No
88599,2015-02-04,Low,No
90378,2015-02-16,Medium,Yes
89375,2015-04-09,Critical,Yes
89376,2015-06-04,High,No
86075,2015-01-31,Medium,No
86076,2015-03-29,Not Specified,No
86077,2015-05-25,Medium,Yes
91555,2015-04-05,High,No
87877,2015-04-09,High,No
89981,2015-04-23,Low,Yes
89982,2015-05-21,Medium,No
89983,2015-03-12,Critical,No
89984,2015-03-24,Medium,No
89729,2015-06-11,Critical,No
90114,2015-03-01,Critical,No
90115,2015-03-05,Not Specified,No
89112,2015-01-24,Low,No
90662,2015-02-12,Not Specified,Yes
91244,2015-02-10,Low,Yes
91209,2015-02-11,High,Yes
88184,2015-06-03,Medium,No
88185,2015-06-28,High,No
89595,2015-01-26,High,No
89596,2015-02-10,Critical,No
90513,2015-01-07,Medium,No
90514,2015-03-23,Medium,No
37729,2015-01-15,Not Specified,No
43079,2015-01-21,Medium,No
86144,2015-01-15,Not Specified,No
86145,2015-01-21,Medium,Yes
90538,2015-05-06,Critical,Yes
90540,2015-06-25,High,No
90539,2015-01-01,Low,No
90905,2015-02-05,Low,No
86826,2015-03-05,Not Specified,No
86827,2015-06-20,Low,No
86828,2015-05-19,High,No
89076,2015-06-25,Not Specified,No
89077,2015-01-30,Low,No
86397,2015-06-02,High,No
91115,2015-06-11,High,No
91116,2015-06-12,Low,No
91362,2015-03-27,Not Specified,No
91363,2015-02-28,Not Specified,Yes
91235,2015-03-11,High,No
91236,2015-02-20,Not Specified,No
88004,2015-06-16,High,Yes
86181,2015-06-13,Low,Yes
90303,2015-06-22,Critical,No
89957,2015-06-14,Critical,No
91328,2015-02-06,High,No
88487,2015-06-23,Low,No
88093,2015-03-01,High,No
88094,2015-04-13,Critical,No
86668,2015-04-04,Medium,No
90248,2015-04-06,High,No
87611,2015-05-24,High,No
87342,2015-06-14,Low,No
91043,2015-03-25,Critical,No
14115,2015-02-14,Not Specified,Yes
38080,2015-03-14,Not Specified,No
90612,2015-02-14,Not Specified,No
90613,2015-03-14,Not Specified,No
86973,2015-03-03,Low,No
91077,2015-03-24,High,No
90189,2015-01-23,Not Specified,No
91025,2015-02-12,Medium,No
87245,2015-06-12,High,No
87243,2015-01-09,Not Specified,No
87244,2015-02-14,Low,No
89777,2015-05-04,Not Specified,Yes
89106,2015-03-06,Medium,No
89944,2015-06-14,Low,No
89941,2015-02-04,Not Specified,Yes
89939,2015-04-22,Low,No
89940,2015-01-03,Low,No
89942,2015-04-02,Not Specified,No
89943,2015-05-10,High,No
87853,2015-01-06,Critical,No
85990,2015-02-05,Low,No
85991,2015-04-15,Not Specified,No
86958,2015-04-18,Medium,No
86959,2015-05-12,Medium,No
86956,2015-02-19,Not Specified,No
86960,2015-01-06,Low,No
86957,2015-03-25,Critical,Yes
91262,2015-04-26,Low,No
91261,2015-02-24,Critical,Yes
91263,2015-03-18,High,Yes
86687,2015-04-19,Low,Yes
86688,2015-05-30,Low,No
86686,2015-04-08,Critical,No
88870,2015-03-22,Medium,Yes
89818,2015-04-07,High,No
88857,2015-04-18,Low,Yes
89456,2015-03-18,Medium,No
89040,2015-05-20,Medium,No
89039,2015-01-10,Critical,No
89041,2015-03-23,Critical,No
90888,2015-05-06,Not Specified,No
86874,2015-06-18,Medium,No
88367,2015-03-22,High,No
88368,2015-04-04,Critical,No
91059,2015-03-17,Critical,No
91060,2015-03-18,Medium,No
88219,2015-06-12,Critical,No
87146,2015-01-29,Medium,No
88558,2015-05-16,Low,No
88555,2015-02-01,Not Specified,No
88556,2015-02-11,High,No
88557,2015-04-07,Not Specified,No
39015,2015-06-06,Medium,No
87862,2015-06-06,Medium,No
90891,2015-04-20,High,No
88418,2015-03-18,Critical,Yes
90079,2015-01-03,High,No
90078,2015-01-10,Low,No
86003,2015-04-16,Critical,No
90404,2015-01-05,Not Specified,No
90405,2015-02-09,High,Yes
90385,2015-03-16,Low,No
90386,2015-05-03,High,No
90387,2015-05-20,Medium,No
89440,2015-05-08,High,Yes
41636,2015-02-14,Critical,No
86054,2015-03-25,Critical,No
86050,2015-01-31,Low,No
86051,2015-02-04,Low,Yes
86052,2015-01-04,Critical,Yes
86053,2015-02-10,Critical,No
86258,2015-01-05,High,Yes
86611,2015-01-26,Not Specified,Yes
86612,2015-01-29,Critical,No
86610,2015-05-26,Critical,No
90110,2015-03-16,High,No
90109,2015-05-05,Low,No
85948,2015-01-27,Not Specified,No
85950,2015-02-05,Medium,No
85947,2015-01-24,Medium,No
88165,2015-05-04,Critical,No
88163,2015-01-06,Not Specified,No
88164,2015-02-04,Medium,No
89869,2015-06-21,High,Yes
90964,2015-03-24,Medium,No
89611,2015-06-23,High,No
89608,2015-04-06,Low,No
89609,2015-04-09,Not Specified,No
89610,2015-06-02,Low,No
91482,2015-05-25,Medium,No
90714,2015-03-15,Medium,No
86655,2015-05-05,Low,Yes
86654,2015-04-26,Not Specified,No
86373,2015-02-24,Not Specified,No
89053,2015-05-24,Not Specified,No
89055,2015-01-22,Medium,No
89054,2015-01-21,Low,Yes
90859,2015-03-15,High,Yes
90861,2015-05-02,Low,No
90860,2015-02-17,High,No
91108,2015-03-24,Not Specified,No
91109,2015-04-10,Not Specified,No
91110,2015-03-29,Low,No
89096,2015-05-19,High,Yes
89097,2015-06-06,Not Specified,No
89095,2015-06-10,Not Specified,Yes
90301,2015-03-01,Low,Yes
87790,2015-06-29,High,No
90322,2015-05-23,Not Specified,No
89218,2015-01-22,High,No
91285,2015-01-03,High,No
91286,2015-05-23,Medium,Yes
88136,2015-02-27,Medium,Yes
86514,2015-02-21,Low,No
88319,2015-02-18,Not Specified,No
88320,2015-02-02,Medium,No
91310,2015-03-19,High,No
87032,2015-02-18,Medium,No
86528,2015-02-12,Medium,Yes
86527,2015-01-09,Low,No
86529,2015-02-02,Critical,No
91447,2015-04-08,Not Specified,No
89657,2015-06-07,Medium,No
89658,2015-06-09,Critical,No
91166,2015-02-28,Medium,No
91167,2015-06-26,Not Specified,Yes
91495,2015-03-11,Critical,No
91496,2015-06-27,Not Specified,Yes
88014,2015-03-23,High,No
88015,2015-02-09,Not Specified,No
85916,2015-01-17,Medium,No
85914,2015-01-05,Critical,No
85915,2015-01-07,High,No
89360,2015-02-22,Not Specified,No
87830,2015-03-28,High,No
87832,2015-04-21,Not Specified,No
88701,2015-06-21,Critical,No
88702,2015-01-12,Low,No
89394,2015-03-01,Critical,No
91229,2015-01-30,Low,No
88758,2015-01-15,Critical,No
87554,2015-03-20,Medium,Yes
87555,2015-06-07,High,No
87556,2015-01-26,Low,No
87553,2015-01-21,Medium,No
87899,2015-05-10,Low,No
87900,2015-01-14,Not Specified,Yes
91030,2015-03-25,Not Specified,Yes
89801,2015-03-08,High,No
86454,2015-04-09,Low,No
88280,2015-02-28,Medium,No
88278,2015-04-11,High,Yes
90871,2015-02-23,Critical,No
89873,2015-04-06,Low,No
89874,2015-06-22,Critical,No
90011,2015-02-23,High,Yes
86925,2015-01-22,Low,No
86927,2015-03-12,Critical,No
86926,2015-02-13,High,No
87396,2015-04-28,High,Yes
59365,2015-06-07,Medium,No
90309,2015-03-05,Low,No
91397,2015-02-15,Medium,No
86427,2015-06-18,Low,Yes
90264,2015-04-02,Medium,Yes
90265,2015-03-23,Low,No
87186,2015-04-13,High,No
87187,2015-05-20,Critical,Yes
89047,2015-05-22,Medium,No
86544,2015-01-27,Critical,Yes
86545,2015-02-26,Critical,Yes
86546,2015-06-14,Not Specified,Yes
91180,2015-06-28,Critical,No
91466,2015-05-08,Low,No
87041,2015-04-10,Not Specified,No
87042,2015-01-26,Low,Yes
87043,2015-03-17,Not Specified,Yes
89414,2015-03-06,Critical,No
89415,2015-06-11,High,No
89128,2015-01-15,Low,No
89129,2015-01-16,Not Specified,Yes
89130,2015-03-13,Critical,No
86102,2015-05-15,Not Specified,No
86101,2015-02-04,Medium,No
86104,2015-06-06,High,No
86103,2015-02-12,High,No
88191,2015-06-01,High,No
88192,2015-02-14,Critical,No
91219,2015-01-24,Low,No
548,2015-03-20,Critical,No
87287,2015-01-07,Low,No
87286,2015-05-30,Not Specified,Yes
87285,2015-01-05,High,Yes
86790,2015-06-22,High,No
86794,2015-05-17,Medium,No
86789,2015-01-16,Medium,No
86792,2015-03-04,Critical,No
86369,2015-06-01,Low,Yes
86368,2015-03-24,Medium,No
85850,2015-01-04,Critical,No
86989,2015-06-12,Low,No
86447,2015-03-18,Critical,No
86448,2015-04-10,High,No
90850,2015-02-02,Not Specified,No
91522,2015-02-15,High,No
87435,2015-01-21,Not Specified,No
87436,2015-06-13,Critical,No
90296,2015-06-25,Not Specified,No
87272,2015-03-06,Not Specified,Yes
89928,2015-02-13,Critical,No
91437,2015-04-28,High,Yes
91435,2015-03-20,Not Specified,No
91436,2015-01-26,Medium,No
91438,2015-06-09,Medium,Yes
87535,2015-06-07,Low,No
87536,2015-03-11,High,Yes
87534,2015-03-29,Not Specified,No
90192,2015-02-15,Critical,No
86837,2015-04-08,Critical,No
86839,2015-05-28,Medium,No
86836,2015-02-12,High,No
41793,2015-05-15,High,Yes
42949,2015-05-21,Not Specified,No
88075,2015-04-20,Medium,No
37537,2015-01-02,Low,No
55713,2015-02-02,High,No
87947,2015-02-02,High,No
87365,2015-03-15,High,Yes
87364,2015-02-02,Not Specified,No
87366,2015-03-30,High,No
88205,2015-06-22,Medium,No
42599,2015-04-06,Medium,Yes
3397,2015-06-22,Medium,No
88204,2015-04-06,Medium,No
91087,2015-06-02,Critical,No
91086,2015-01-15,Medium,No
91089,2015-03-16,Low,No
87464,2015-04-13,Critical,No
88360,2015-02-21,Critical,No
85965,2015-01-17,Low,No
85966,2015-06-02,Medium,No
85964,2015-01-06,Medium,No
86267,2015-01-31,Critical,Yes
86297,2015-01-21,High,No
89292,2015-01-24,Not Specified,No
89291,2015-05-21,Critical,No
89293,2015-06-17,High,No
87057,2015-02-14,High,No
91057,2015-04-04,Low,No
89726,2015-04-14,Medium,Yes
90583,2015-03-17,Medium,No
88151,2015-01-31,Critical,No
88152,2015-05-04,Critical,No
88685,2015-06-09,Critical,Yes
88686,2015-01-02,Medium,No
91130,2015-01-09,Low,Yes
87347,2015-01-17,Medium,No
90291,2015-05-27,Not Specified,No
88928,2015-03-19,Critical,No
86382,2015-02-15,Low,Yes
89319,2015-02-02,Critical,No
89320,2015-05-23,Medium,No
87804,2015-05-21,High,No
87700,2015-02-06,Critical,No
90695,2015-06-22,Low,No
86014,2015-05-23,Low,No
88060,2015-01-11,Not Specified,Yes
88023,2015-02-08,Not Specified,No
91063,2015-05-18,Medium,No
8353,2015-05-15,Medium,No
10464,2015-02-10,Critical,No
6562,2015-06-20,Critical,No
42852,2015-06-20,Not Specified,No
86250,2015-06-14,Not Specified,Yes
88644,2015-05-13,Medium,No
88646,2015-01-21,Not Specified,Yes
87579,2015-03-13,Medium,Yes
91144,2015-03-14,Critical,No
91432,2015-02-26,Medium,Yes
91433,2015-04-01,High,No
90469,2015-04-21,Medium,No
91212,2015-01-19,Critical,No
90922,2015-05-29,Critical,No
87978,2015-06-06,Critical,No
90359,2015-03-15,Medium,No
90362,2015-04-26,High,Yes
90361,2015-06-15,Not Specified,Yes
90360,2015-06-07,Low,No
88666,2015-01-14,Critical,No
88668,2015-05-17,Low,No
90961,2015-01-06,Low,No
88571,2015-04-30,Critical,Yes
14596,2015-01-10,Critical,Yes
38529,2015-02-02,Low,No
33635,2015-01-12,High,No
9606,2015-01-27,Not Specified,Yes
86263,2015-01-12,High,No
86264,2015-01-27,Not Specified,No
90806,2015-03-12,Not Specified,No
90185,2015-01-31,Not Specified,Yes
90186,2015-04-04,High,No
87134,2015-04-06,Critical,No
90844,2015-04-14,Low,No
86566,2015-03-01,Critical,No
86565,2015-01-11,Critical,Yes
87260,2015-04-04,Low,No
87258,2015-02-05,Medium,No
89433,2015-03-14,High,Yes
89434,2015-05-10,Low,Yes
89431,2015-01-24,Low,No
88371,2015-05-25,High,Yes
88372,2015-06-19,High,Yes
88633,2015-05-15,Critical,No
89005,2015-02-07,Not Specified,No
89008,2015-05-29,High,Yes
89004,2015-03-12,High,No
89006,2015-03-29,Medium,No
89007,2015-05-08,Not Specified,No
90710,2015-03-13,Critical,No
89389,2015-02-27,High,Yes
91354,2015-03-24,Medium,No
91355,2015-05-30,Low,No
89631,2015-03-27,Not Specified,No
86122,2015-01-05,Not Specified,No
86123,2015-04-24,High,No
86124,2015-05-13,Not Specified,No
27456,2015-04-10,Not Specified,Yes
87016,2015-06-20,High,No
32037,2015-02-16,Low,No
49125,2015-03-29,Not Specified,No
13735,2015-05-21,Medium,No
39430,2015-06-13,Low,Yes
57794,2015-01-26,Low,No
91344,2015-06-09,Low,No
90855,2015-02-14,High,No
90854,2015-05-20,High,Yes
87520,2015-06-02,Not Specified,No
87587,2015-06-28,Low,No
5984,2015-06-17,Low,No
29350,2015-02-25,High,No
38852,2015-05-01,Not Specified,Yes
11206,2015-06-28,Low,Yes
87583,2015-03-18,High,No
87585,2015-02-25,High,No
54595,2015-04-28,Medium,No
90800,2015-04-28,Medium,No
55874,2015-02-16,Medium,No
36452,2015-04-05,High,Yes
46853,2015-05-22,Low,No
29319,2015-01-24,Low,Yes
21636,2015-02-10,Low,Yes
24455,2015-06-06,Not Specified,No
91245,2015-06-06,Not Specified,No
88234,2015-04-30,High,No
89994,2015-03-17,Not Specified,Yes
88213,2015-06-27,Low,No
10277,2015-04-07,Medium,No
45539,2015-02-02,Not Specified,Yes
90120,2015-01-22,Critical,Yes
90121,2015-04-28,Critical,Yes
87077,2015-03-21,High,Yes
87078,2015-06-30,Not Specified,No
87079,2015-05-25,Medium,Yes
87076,2015-01-21,Critical,No
85880,2015-03-11,Critical,No
90934,2015-02-16,Low,Yes
90796,2015-05-11,High,No
89680,2015-04-10,Critical,No
89679,2015-01-16,Critical,No
87993,2015-01-07,Medium,No
87994,2015-04-15,Not Specified,No
87995,2015-02-06,Low,No
87823,2015-04-08,Low,No
90600,2015-03-27,Medium,No
90601,2015-02-16,Medium,No
89705,2015-02-26,Critical,No
90932,2015-03-15,Not Specified,No
91041,2015-02-24,Critical,No
86646,2015-03-20,Medium,No
86645,2015-05-03,Low,No
91076,2015-01-24,Low,No
91078,2015-06-01,Not Specified,No
87345,2015-03-25,Low,No
88781,2015-01-17,Medium,No
88784,2015-05-20,Not Specified,No
88782,2015-01-21,Not Specified,No
88783,2015-05-10,Medium,Yes
87193,2015-05-07,High,No
87194,2015-01-21,Not Specified,Yes
87195,2015-02-22,High,Yes
3841,2015-04-04,Not Specified,No
59937,2015-06-28,High,Yes
88443,2015-04-04,Not Specified,No
88444,2015-06-28,High,Yes
89251,2015-03-17,Medium,No
34435,2015-02-05,Low,No
47108,2015-04-15,Not Specified,No
86599,2015-03-30,Not Specified,No
86847,2015-03-19,Not Specified,No
86846,2015-06-15,Critical,No
87378,2015-03-01,Not Specified,No
90631,2015-04-17,Low,No
90630,2015-04-05,Not Specified,Yes
86500,2015-05-17,Low,No
86331,2015-01-26,Medium,No
91550,2015-01-18,Medium,No
90568,2015-06-03,Not Specified,No
86933,2015-02-13,Critical,No
89334,2015-04-21,High,No
86092,2015-01-03,Low,Yes
88348,2015-06-30,Low,No
88794,2015-01-09,Not Specified,Yes
89465,2015-01-27,Medium,No
7364,2015-05-08,High,No
89175,2015-04-07,Medium,No
89176,2015-06-26,Critical,Yes
89174,2015-05-22,Not Specified,No
88028,2015-01-01,Not Specified,No
88029,2015-04-19,High,No
90314,2015-06-23,Low,Yes
86699,2015-04-13,Low,No
91502,2015-06-30,Not Specified,No
85949,2015-06-22,Low,No
47493,2015-02-11,Critical,No
37987,2015-01-03,High,No
91480,2015-01-13,Critical,No
91481,2015-03-29,High,Yes
86163,2015-03-30,Critical,No
86165,2015-06-20,Critical,No
86166,2015-06-23,Not Specified,No
86164,2015-04-29,Critical,No
90040,2015-04-11,High,Yes
13606,2015-04-26,Not Specified,Yes
962,2015-05-05,Low,No
91122,2015-05-25,Not Specified,Yes
91123,2015-06-04,Not Specified,No
30785,2015-01-03,High,No
87033,2015-06-05,Medium,No
87031,2015-01-08,Low,Yes
87029,2015-05-05,Medium,No
87030,2015-06-15,Not Specified,No
87451,2015-03-29,High,No
88657,2015-04-21,Low,Yes
88658,2015-06-04,Not Specified,No
88656,2015-04-04,Low,No
86465,2015-03-22,Not Specified,No
86466,2015-04-08,Not Specified,Yes
50656,2015-04-25,Critical,Yes
87382,2015-03-21,Low,No
87383,2015-04-05,Critical,No
86119,2015-01-24,Low,No
46884,2015-01-17,Medium,No
34017,2015-03-23,High,Yes
53153,2015-03-23,Critical,Yes
88814,2015-06-11,High,No
88815,2015-05-04,Critical,No
86486,2015-02-24,Critical,No
87831,2015-04-02,High,No
89147,2015-04-04,High,Yes
90624,2015-05-04,Critical,No
89240,2015-05-28,Medium,Yes
89018,2015-04-22,Not Specified,Yes
89019,2015-06-01,Medium,No
89017,2015-04-13,Critical,No
35200,2015-02-05,Medium,Yes
23751,2015-03-18,Medium,Yes
90724,2015-04-22,Medium,No
90725,2015-05-28,Low,No
91228,2015-01-12,Critical,No
87552,2015-01-10,Medium,No
89743,2015-06-01,High,No
11013,2015-04-17,High,No
91492,2015-03-02,Not Specified,Yes
87632,2015-05-09,Critical,No
87631,2015-03-19,High,No
87633,2015-06-05,High,Yes
87634,2015-06-30,Low,Yes
87630,2015-02-20,High,Yes
87374,2015-06-25,Not Specified,Yes
88156,2015-01-08,High,No
88157,2015-02-28,Not Specified,No
86592,2015-02-28,Medium,No
86591,2015-01-16,Critical,Yes
87620,2015-04-22,High,No
87617,2015-05-11,Low,No
87618,2015-05-26,Critical,No
87511,2015-02-04,Not Specified,No
91398,2015-04-15,Medium,Yes
88612,2015-06-22,Critical,Yes
88610,2015-04-21,High,No
86547,2015-02-25,Medium,No
86548,2015-05-30,Low,No
56486,2015-05-28,Critical,No
7623,2015-04-28,Critical,Yes
86346,2015-04-28,Critical,No
91376,2015-03-02,Not Specified,No
88241,2015-01-07,Medium,No
88239,2015-05-07,Medium,No
88240,2015-06-11,Not Specified,Yes
41253,2015-05-07,Medium,No
53476,2015-06-11,Not Specified,No
12480,2015-01-07,Medium,No
48483,2015-06-10,Critical,No
86220,2015-01-19,Critical,No
86221,2015-05-24,High,No
86222,2015-06-17,Critical,No
89314,2015-04-08,Critical,No
89315,2015-06-17,Low,No
89316,2015-02-28,Low,No
86791,2015-02-22,Critical,Yes
86795,2015-06-08,Not Specified,Yes
86796,2015-06-19,Not Specified,Yes
86793,2015-05-02,Critical,No
88329,2015-06-10,High,No
88330,2015-04-01,Low,No
87298,2015-05-23,High,Yes
39076,2015-06-11,Critical,No
87296,2015-03-30,Critical,Yes
87299,2015-06-11,Critical,No
89836,2015-01-28,Critical,Yes
90461,2015-04-01,Medium,Yes
90462,2015-01-26,Low,No
90460,2015-03-24,Critical,No
21572,2015-02-13,Critical,No
90501,2015-05-24,Low,No
90502,2015-05-02,Critical,Yes
90500,2015-02-12,Medium,No
87473,2015-06-02,Medium,No
87474,2015-06-29,High,No
88745,2015-01-16,Low,No
88746,2015-05-03,Critical,No
87537,2015-04-04,Medium,No
87406,2015-03-02,Not Specified,No
87175,2015-05-17,High,No
87178,2015-06-07,Medium,No
90669,2015-04-09,Critical,No
89521,2015-01-22,Critical,No
89523,2015-04-20,High,No
89520,2015-01-15,Critical,No
89522,2015-04-19,Low,No
89524,2015-03-29,High,No
89525,2015-06-18,Low,No
89426,2015-01-11,Low,Yes
87463,2015-01-03,Low,No
88527,2015-04-02,Medium,No
89139,2015-02-23,Medium,No
89140,2015-03-21,Medium,Yes
85858,2015-01-02,Medium,Yes
88940,2015-03-30,Medium,No
5509,2015-04-07,Low,No
36069,2015-06-05,Low,No
3332,2015-05-04,Critical,Yes
17446,2015-06-09,Critical,No
11527,2015-01-02,Medium,No
90917,2015-03-14,Not Specified,No
86384,2015-06-18,Critical,Yes
3138,2015-02-08,Not Specified,No
90706,2015-05-14,Critical,No
87357,2015-04-18,Critical,Yes
87356,2015-02-23,High,No
91127,2015-01-20,Not Specified,No
88511,2015-04-21,Low,No
88879,2015-03-04,Critical,No
88880,2015-04-15,Not Specified,No
88882,2015-04-01,Medium,No
88677,2015-01-16,Low,No
88678,2015-04-18,Critical,No
88679,2015-04-22,Low,No
88474,2015-03-05,Low,No
88889,2015-04-22,Medium,No
91200,2015-01-12,Not Specified,No
91201,2015-02-27,Low,No
89909,2015-01-06,Not Specified,No
90048,2015-04-29,Medium,No
40547,2015-01-09,Critical,No
89257,2015-01-12,Low,No
90271,2015-02-22,Not Specified,Yes
86459,2015-02-26,Critical,No
86460,2015-06-17,Medium,No
90187,2015-05-14,Critical,No
86173,2015-04-20,Medium,No
90201,2015-04-27,Low,No
88387,2015-03-01,Critical,Yes
88388,2015-03-05,Not Specified,No
88390,2015-03-18,Medium,No
88389,2015-06-12,High,No
88391,2015-04-08,Medium,No
90641,2015-06-16,Critical,No
58628,2015-03-24,Medium,No
57061,2015-05-30,Low,No
89787,2015-04-09,High,Yes
85938,2015-03-21,Medium,No
85940,2015-04-10,Not Specified,No
87586,2015-05-01,Not Specified,No
90880,2015-03-16,Not Specified,No
90881,2015-03-25,Critical,No
86534,2015-04-20,High,No
89514,2015-02-10,Critical,No
89515,2015-05-12,Not Specified,No
89686,2015-04-30,Low,Yes
88233,2015-04-17,High,No
88232,2015-01-27,Not Specified,No
89993,2015-02-04,Medium,No
89407,2015-06-30,Not Specified,No
89408,2015-06-07,Low,No
86734,2015-04-05,High,No
90731,2015-02-04,Medium,No
89193,2015-05-07,Critical,No
89194,2015-06-29,Low,No
86812,2015-02-10,High,No
86813,2015-01-09,Critical,Yes
86814,2015-03-30,Low,No
86815,2015-05-21,Low,Yes
88852,2015-01-17,Critical,No
87488,2015-06-25,Low,No
87486,2015-01-01,Critical,No
87484,2015-03-22,Not Specified,No
87485,2015-05-18,High,No
87487,2015-02-13,High,No
87425,2015-06-01,Not Specified,Yes
87426,2015-03-25,Low,No
87424,2015-04-15,Critical,No
86966,2015-02-09,Medium,No
90602,2015-05-28,High,No
90530,2015-01-15,High,No
90533,2015-04-15,High,No
90531,2015-02-10,Not Specified,No
90532,2015-04-09,Not Specified,Yes
91042,2015-05-09,High,No
86722,2015-04-24,Low,No
86724,2015-02-09,Low,No
86725,2015-05-12,Critical,No
86723,2015-06-07,Low,No
90190,2015-05-11,Low,No
86338,2015-01-16,Medium,No
90473,2015-01-17,Medium,Yes
87747,2015-03-16,Not Specified,No
87749,2015-04-11,Low,No
87748,2015-05-29,High,No
90621,2015-03-08,Low,No
90786,2015-01-17,Medium,No
90787,2015-05-16,High,No
85866,2015-06-03,Not Specified,No
85865,2015-03-28,Medium,No
85868,2015-06-14,Low,No
85867,2015-05-03,High,No
18561,2015-01-09,Not Specified,No
13408,2015-02-14,Low,No
12224,2015-06-12,High,No
89775,2015-01-22,High,Yes
89776,2015-03-01,High,No
89211,2015-03-26,Critical,Yes
88256,2015-01-21,Critical,No
91543,2015-06-01,Critical,No
90524,2015-05-23,Not Specified,No
90525,2015-02-11,Medium,Yes
89697,2015-04-01,High,No
90099,2015-01-17,Medium,No
90899,2015-01-29,Critical,No
91371,2015-01-01,Not Specified,No
85893,2015-02-27,Critical,No
85895,2015-04-16,High,No
85894,2015-03-27,Medium,No
85897,2015-03-01,High,No
85898,2015-04-04,Low,No
85896,2015-02-24,High,No
88579,2015-02-06,High,No
88580,2015-01-21,Not Specified,No
28225,2015-01-22,Critical,Yes
26342,2015-04-18,Low,No
91258,2015-05-16,Not Specified,No
90333,2015-01-25,Not Specified,No
90334,2015-05-07,Medium,No
90335,2015-06-02,Low,No
87117,2015-05-18,Critical,No
88692,2015-06-24,Low,No
88220,2015-06-21,High,No
88040,2015-02-13,Medium,No
88039,2015-01-17,Not Specified,No
88041,2015-03-27,Critical,No
87148,2015-06-26,Low,No
87147,2015-05-08,Low,No
85833,2015-03-26,Medium,Yes
85834,2015-03-31,Critical,No
85835,2015-04-19,Low,Yes
88554,2015-01-12,Medium,Yes
87889,2015-04-18,Medium,Yes
87888,2015-01-08,Not Specified,Yes
88403,2015-03-26,Critical,No
88404,2015-04-23,Critical,No
88405,2015-02-26,Critical,No
88406,2015-04-29,Medium,No
89664,2015-02-01,Critical,No
89665,2015-01-01,High,No
89666,2015-03-26,High,No
86002,2015-01-31,Not Specified,No
87569,2015-06-13,High,No
87072,2015-02-10,Medium,No
87071,2015-01-06,Low,No
91571,2015-06-15,Not Specified,No
90685,2015-02-14,Critical,Yes
88030,2015-01-22,Low,No
91036,2015-02-28,Low,Yes
89102,2015-04-06,Low,No
89278,2015-01-27,Low,No
89279,2015-04-28,High,No
87963,2015-01-02,Critical,No
87964,2015-03-24,Medium,No
87965,2015-06-12,High,Yes
87962,2015-03-09,Low,No
89601,2015-02-15,Critical,No
89602,2015-04-21,High,No
89571,2015-06-03,Low,No
89572,2015-02-06,Low,No
90148,2015-03-13,Medium,No
90145,2015-02-04,Medium,Yes
90146,2015-03-25,Not Specified,No
90147,2015-02-19,Low,No
87695,2015-02-11,Critical,No
87696,2015-01-03,High,No
90557,2015-03-24,Low,No
89504,2015-03-14,Medium,No
89503,2015-01-10,Low,No
89505,2015-05-20,High,No
88267,2015-03-04,Low,Yes
88268,2015-02-14,Critical,Yes
88265,2015-02-05,Critical,No
88266,2015-02-25,High,No
90408,2015-01-13,Low,No
86950,2015-05-29,Medium,No
86951,2015-01-04,High,Yes
86949,2015-05-01,Critical,Yes
86952,2015-03-23,Not Specified,No
86754,2015-03-14,Medium,Yes
86750,2015-01-06,Critical,No
86753,2015-01-10,High,Yes
86751,2015-03-26,Not Specified,No
86752,2015-05-06,High,No
89300,2015-04-04,Medium,No
89299,2015-01-18,High,No
89301,2015-06-01,Not Specified,No
89219,2015-03-01,Medium,No
88713,2015-05-11,High,No
88714,2015-01-20,Not Specified,No
88135,2015-04-27,Critical,No
88137,2015-03-13,Critical,No
91000,2015-04-06,Critical,No
88998,2015-03-13,Medium,No
91414,2015-02-06,High,No
91416,2015-02-03,Low,Yes
91415,2015-06-20,Not Specified,Yes
91417,2015-06-02,Not Specified,No
86887,2015-04-09,High,Yes
87208,2015-05-23,Critical,No
91017,2015-04-07,Not Specified,No
87917,2015-06-11,Medium,No
87915,2015-03-10,Medium,Yes
87916,2015-04-19,Low,No
88298,2015-05-02,Low,Yes
88296,2015-01-03,High,No
88297,2015-01-17,Medium,No
87772,2015-04-17,Low,Yes
87773,2015-03-12,Low,No
88017,2015-03-23,Critical,No
88016,2015-03-19,High,No
86063,2015-04-18,Medium,No
86064,2015-04-08,Critical,No
90551,2015-05-29,High,No
86633,2015-06-16,Critical,No
89146,2015-02-15,Low,No
89148,2015-04-10,Low,Yes
87676,2015-03-05,Critical,No
87678,2015-02-23,Critical,Yes
91407,2015-04-30,Critical,No
91408,2015-04-30,Low,No
88766,2015-06-16,Critical,No
88959,2015-05-01,Critical,No
88958,2015-01-17,Not Specified,Yes
91424,2015-03-08,Critical,No
88975,2015-03-08,Critical,No
88974,2015-06-13,High,Yes
87160,2015-02-11,High,No
87161,2015-06-11,Critical,Yes
91316,2015-03-12,Not Specified,Yes
88819,2015-02-07,Medium,No
87884,2015-03-19,High,No
87885,2015-06-11,Medium,No
85928,2015-04-09,Not Specified,No
85929,2015-06-06,Medium,No
88279,2015-05-17,Medium,No
88282,2015-05-23,Low,No
88281,2015-04-01,Not Specified,No
89872,2015-01-22,Medium,No
88626,2015-03-28,Medium,No
88627,2015-05-08,Low,No
55300,2015-02-20,High,No
16676,2015-03-19,High,No
4839,2015-05-09,Critical,No
21958,2015-06-05,High,Yes
40224,2015-06-30,Low,Yes
50917,2015-01-21,Low,No
90218,2015-05-26,Critical,No
90646,2015-04-05,Not Specified,No
86085,2015-02-22,Not Specified,No
86086,2015-03-28,High,No
86662,2015-02-03,Medium,No
88380,2015-05-18,High,No
89988,2015-03-25,Critical,No
86327,2015-03-20,Critical,No
86860,2015-05-17,Not Specified,No
86432,2015-06-30,Critical,Yes
90160,2015-06-14,Not Specified,Yes
89810,2015-06-25,Low,Yes
86899,2015-01-26,High,Yes
86900,2015-05-28,Critical,No
86901,2015-03-30,Critical,No
86898,2015-01-20,Critical,No
86491,2015-06-19,Not Specified,No
86490,2015-04-13,Critical,No
86489,2015-02-13,Medium,No
90820,2015-05-04,High,No
90821,2015-06-25,Low,No
90818,2015-03-14,Not Specified,No
90819,2015-03-31,Critical,No
89025,2015-03-02,High,Yes
89805,2015-03-10,Medium,No
90815,2015-04-12,Not Specified,Yes
90814,2015-03-19,High,Yes
86508,2015-04-01,Critical,No
86507,2015-01-14,Not Specified,No
86509,2015-06-28,Medium,No
87297,2015-05-07,High,No
90488,2015-02-18,Critical,No
90766,2015-04-06,High,No
90767,2015-03-14,Medium,No
90752,2015-04-21,Critical,No
90753,2015-05-10,High,No
90751,2015-02-20,High,No
90750,2015-01-06,Not Specified,Yes
87795,2015-01-07,Low,No
90104,2015-05-21,Low,Yes
90103,2015-04-27,Not Specified,No
86283,2015-01-05,Medium,No
86284,2015-01-09,Not Specified,No
85979,2015-05-07,High,No
85981,2015-06-14,High,No
89355,2015-01-06,Medium,No
89356,2015-01-27,Medium,No
88837,2015-03-26,Critical,No
88839,2015-04-25,Critical,No
88838,2015-04-20,Critical,No
88836,2015-03-23,Not Specified,Yes
88840,2015-04-29,Medium,No
88522,2015-01-07,High,No
90193,2015-06-13,Not Specified,No
90031,2015-05-15,High,Yes
90032,2015-05-21,Not Specified,No
87651,2015-01-28,High,No
87652,2015-05-02,Not Specified,No
89199,2015-02-22,High,No
89200,2015-03-27,High,No
89202,2015-01-20,Medium,Yes
89203,2015-03-12,Low,No
89201,2015-06-15,Not Specified,No
91454,2015-05-10,High,No
88426,2015-03-10,Not Specified,No
88425,2015-01-28,Critical,Yes
87946,2015-01-02,Low,No
90596,2015-06-03,Low,No
90597,2015-03-22,High,No
87176,2015-02-18,Medium,No
87177,2015-03-04,Medium,No
89583,2015-01-03,High,No
89584,2015-04-04,Medium,No
89585,2015-04-09,Low,No
7909,2015-01-03,High,No
13959,2015-04-04,Medium,Yes
58914,2015-04-09,Low,No
86520,2015-01-12,High,No
88534,2015-05-16,Critical,No
87671,2015-05-14,Critical,No
87672,2015-01-25,High,No
89961,2015-01-02,Medium,Yes
38087,2015-02-21,Critical,Yes
3585,2015-05-22,High,No
90430,2015-01-03,Not Specified,No
90432,2015-03-30,Medium,No
90431,2015-01-10,Not Specified,No
88048,2015-06-09,Medium,No
86621,2015-02-22,Not Specified,No
90479,2015-04-20,Medium,No
90480,2015-05-26,Low,No
86268,2015-06-10,Medium,Yes
85857,2015-01-19,Low,No
88941,2015-04-07,Low,Yes
88942,2015-06-05,Low,No
90837,2015-03-25,Not Specified,No
37760,2015-02-14,High,No
86041,2015-06-17,Not Specified,Yes
87277,2015-05-04,Critical,No
89647,2015-05-14,Low,No
91131,2015-05-24,Critical,No
90292,2015-04-11,Low,No
87905,2015-05-04,High,No
88479,2015-01-15,High,No
88480,2015-03-03,Not Specified,No
86010,2015-04-10,High,Yes
86012,2015-05-27,Critical,No
86013,2015-01-05,Low,No
86011,2015-05-08,Not Specified,No
88061,2015-01-14,Low,No
91062,2015-03-18,Not Specified,No
88906,2015-01-20,Not Specified,No
88905,2015-05-15,Medium,No
88907,2015-02-10,Critical,No
88908,2015-06-20,Critical,No
90058,2015-01-13,Low,No
90059,2015-02-01,Critical,Yes
89327,2015-06-22,Medium,No
90026,2015-05-25,High,No
90027,2015-01-17,Not Specified,No
90908,2015-01-20,Not Specified,No
17155,2015-01-28,Medium,No
2433,2015-02-21,Not Specified,No
8165,2015-04-15,Low,No
359,2015-06-18,Medium,Yes
86190,2015-02-21,Not Specified,No
86191,2015-04-15,Low,No
86192,2015-06-18,Medium,No
86189,2015-01-28,Medium,Yes
88881,2015-01-13,Low,Yes
88645,2015-01-13,Low,No
87020,2015-02-03,Not Specified,No
28647,2015-03-14,Critical,Yes
34882,2015-01-24,Critical,Yes
88198,2015-04-29,Not Specified,Yes
88197,2015-03-24,Critical,No
87953,2015-03-20,Low,Yes
87954,2015-04-30,Critical,Yes
87952,2015-02-14,Not Specified,No
56452,2015-02-14,Not Specified,No
11077,2015-03-20,Low,No
45380,2015-04-30,Critical,No
91575,2015-01-07,High,No
91576,2015-02-15,Low,No
91213,2015-04-16,Not Specified,No
88890,2015-03-04,Medium,Yes
89915,2015-03-21,High,No
87811,2015-03-25,Low,No
87812,2015-03-08,Low,No
87813,2015-05-05,High,Yes
32869,2015-03-27,Medium,No
8994,2015-04-07,Low,No
53410,2015-02-07,Critical,No
44517,2015-04-23,Medium,No
55392,2015-06-06,Critical,No
36647,2015-06-30,High,No
32420,2015-01-29,Medium,No
3042,2015-05-20,Medium,No
87980,2015-05-20,Medium,No
87977,2015-04-23,Medium,No
87979,2015-06-30,High,No
89344,2015-02-28,Not Specified,No
87725,2015-01-28,Low,No
87726,2015-01-17,Medium,No
87727,2015-05-25,Low,No
90438,2015-03-11,Critical,No
90437,2015-06-04,High,No
90439,2015-04-12,Low,No
90258,2015-02-11,Not Specified,No
87525,2015-04-27,Not Specified,No
88667,2015-03-19,Critical,No
90962,2015-04-29,High,No
91513,2015-04-06,Medium,No
86868,2015-06-01,Not Specified,Yes
86870,2015-03-06,Low,No
89910,2015-03-28,Low,No
90244,2015-05-21,Low,No
90270,2015-01-24,High,No
89770,2015-01-09,High,No
88569,2015-03-07,Not Specified,No
88568,2015-02-25,Low,No
88570,2015-03-16,High,No
90577,2015-03-15,Not Specified,No
90578,2015-05-20,Not Specified,No
89059,2015-02-21,High,Yes
86153,2015-03-25,Critical,No
90492,2015-04-12,High,Yes
90493,2015-05-20,Critical,No
90491,2015-03-27,Low,No
87135,2015-05-20,Not Specified,No
90588,2015-02-17,Critical,No
90589,2015-06-27,Not Specified,Yes
86567,2015-03-06,Not Specified,Yes
9285,2015-01-02,Critical ,Yes
8257,2015-03-22,Low,No
89401,2015-02-04,Low,No
89402,2015-02-24,Not Specified,No
87259,2015-02-28,Low,No
89432,2015-02-19,High,No
87846,2015-04-17,Critical,Yes
87847,2015-05-16,Critical,No
28001,2015-06-14,Critical,No
47813,2015-02-27,High,No
90069,2015-05-25,Not Specified,Yes
91488,2015-05-05,Medium,Yes
90832,2015-04-02,Not Specified,No
90833,2015-04-06,Critical,No
86768,2015-02-05,Not Specified,No
86767,2015-02-07,Low,No
87015,2015-03-15,High,No
90853,2015-01-02,Critical,No
86913,2015-05-23,High,No
86914,2015-06-29,Not Specified,No
85939,2015-04-09,Critical,No
87584,2015-06-17,Low,No
86535,2015-05-22,Medium,No
86536,2015-04-24,Critical,No
89730,2015-05-07,Critical,Yes
88410,2015-04-09,Medium,No
88411,2015-05-01,Low,Yes
19042,2015-03-01,Critical,Yes
87003,2015-02-19,High,No
87005,2015-02-19,Low,Yes
87004,2015-04-23,Medium,No
87002,2015-02-17,High,No
91451,2015-06-30,Low,No
22755,2015-03-30,Medium,No
27013,2015-01-05,Low,No
87602,2015-03-30,Medium,No
87603,2015-01-05,Low,No
88212,2015-06-07,Critical,No
89406,2015-05-01,Medium,No
88726,2015-01-25,Critical,Yes
88728,2015-05-13,High,No
88729,2015-06-03,High,Yes
88731,2015-05-16,Critical,No
88727,2015-04-24,Not Specified,Yes
88730,2015-05-03,Low,No
87086,2015-04-07,Medium,No
87087,2015-02-02,Not Specified,Yes
89448,2015-01-12,Low,No
89449,2015-06-20,Not Specified,No
89450,2015-01-01,Low,No
86735,2015-05-24,Medium,No
53953,2015-03-27,Not Specified,Yes
87824,2015-05-11,High,Yes
89704,2015-01-14,Critical,No
89706,2015-01-12,High,No
89885,2015-01-24,Not Specified,No
90678,2015-02-26,High,No
40101,2015-01-31,Low,No
44002,2015-02-07,Medium,No
32710,2015-05-16,High,No
90653,2015-04-07,High,No
90178,2015-02-27,Low,No
89857,2015-06-12,High,No
89858,2015-01-07,Low,No
89856,2015-01-06,High,No
86600,2015-04-19,High,No
89209,2015-05-03,Not Specified,No
88871,2015-04-19,Low,No
90415,2015-02-01,Low,No
90414,2015-01-06,Not Specified,No
89820,2015-06-19,High,No
89819,2015-06-18,Low,Yes
87757,2015-05-05,Not Specified,No
89999,2015-01-03,High,No
90000,2015-01-21,Not Specified,No
90001,2015-05-15,High,No
90003,2015-04-30,Medium,No
90002,2015-02-22,Medium,Yes
91277,2015-04-17,Medium,Yes
88798,2015-03-05,Not Specified,No
89333,2015-03-12,Not Specified,No
87234,2015-02-19,Not Specified,No
86629,2015-02-05,Medium,No
91583,2015-02-06,High,Yes
87570,2015-02-18,High,No
89970,2015-02-21,Critical,No
88721,2015-03-16,High,No
88722,2015-06-19,Not Specified,No
91304,2015-02-15,Not Specified,No
91306,2015-06-16,Medium,No
91305,2015-03-15,Medium,No
91321,2015-03-05,High,No
89184,2015-05-22,Critical,No
24869,2015-06-10,Not Specified,No
5920,2015-05-19,High,No
86883,2015-02-11,High,No
86885,2015-04-26,Medium,Yes
86886,2015-01-12,Not Specified,Yes
86884,2015-02-14,Critical,No
48836,2015-02-14,Critical,No
11712,2015-04-26,Low,Yes
23042,2015-04-26,Medium,No
23877,2015-01-12,Not Specified,No
14785,2015-04-09,High,Yes
16547,2015-02-18,Not Specified,No
54567,2015-02-02,Medium,No
20007,2015-02-05,Not Specified,No
87452,2015-05-02,Medium,Yes
46436,2015-04-04,Low,No
40997,2015-04-21,Low,Yes
29889,2015-06-04,Not Specified,No
90327,2015-04-25,Critical,No
86118,2015-05-16,High,No
90927,2015-02-07,High,No
90951,2015-06-08,Low,No
90952,2015-03-19,Not Specified,Yes
91386,2015-03-17,Low,No
89361,2015-05-25,Medium,No
37924,2015-05-29,High,No
87677,2015-05-22,Critical,No
87679,2015-04-08,Not Specified,No
88114,2015-03-06,Low,No
89481,2015-03-12,Low,No
86184,2015-03-18,Medium,No
91584,2015-03-26,Not Specified,Yes
87162,2015-01-31,Low,No
91049,2015-06-28,Low,No
86227,2015-02-05,Medium,No
87240,2015-04-30,Low,No
89497,2015-05-20,Low,No
87720,2015-02-19,High,No
87721,2015-06-01,Medium,No
87316,2015-01-21,Medium,Yes
87317,2015-03-10,Low,No
85826,2015-01-08,High,No
85827,2015-04-17,High,No
85828,2015-05-25,Not Specified,No
54369,2015-03-02,Not Specified,No
87619,2015-02-28,Not Specified,Yes
88611,2015-05-07,High,No
91586,2015-03-05,Medium,No
54949,2015-02-10,Low,No
91389,2015-06-08,Critical,No
91388,2015-02-10,Low,Yes
89071,2015-01-09,Critical,No
89789,2015-03-05,High,No
88447,2015-02-26,Medium,No
88449,2015-05-24,Not Specified,No
88448,2015-01-14,Low,Yes
14756,2015-02-28,Low,No
89879,2015-04-20,High,Yes
89880,2015-06-24,Not Specified,No
89716,2015-01-14,Medium,No
88543,2015-06-03,Not Specified,No
88544,2015-02-04,Critical,Yes
88545,2015-02-16,Not Specified,No
88546,2015-02-28,Medium,No
88547,2015-03-11,Medium,No
88548,2015-03-29,High,Yes
24294,2015-02-02,Not Specified,Yes
87933,2015-03-30,Low,Yes
87934,2015-05-21,Not Specified,Yes
87935,2015-05-28,Not Specified,No
90739,2015-06-28,Critical,No
89564,2015-06-04,Low,No
88825,2015-05-26,Not Specified,Yes
88826,2015-05-13,Medium,No
88824,2015-03-21,Not Specified,Yes
89835,2015-05-19,Medium,No
86233,2015-03-21,Low,No
86234,2015-01-01,Low,No
89897,2015-05-25,Low,No
90985,2015-02-12,Medium,Yes
90986,2015-06-24,Low,No
90987,2015-04-24,Critical,No
85980,2015-01-13,Medium,No
91296,2015-01-23,Medium,No
91297,2015-02-04,Critical,Yes
91298,2015-02-07,High,No
88589,2015-05-16,High,No
88590,2015-03-27,Not Specified,No
88587,2015-02-28,Low,No
88588,2015-05-04,Medium,No
90154,2015-05-11,Not Specified,No
87908,2015-04-29,Medium,Yes
87909,2015-02-14,Critical,Yes
87530,2015-02-08,High,Yes
